{
  "latestDate": "2020-03-18",
  "total": [
    229,
    322,
    400,
    650,
    888,
    1128,
    1694,
    2036,
    2502,
    3089,
    3858,
    4636,
    5883,
    7375,
    9172,
    10149,
    12462,
    15113,
    17660,
    21157,
    24747,
    27980,
    31506,
    35713
  ],
  "dead": [
    7,
    10,
    12,
    17,
    21,
    29,
    34,
    52,
    79,
    107,
    148,
    197,
    233,
    366,
    463,
    631,
    827,
    1016,
    1266,
    1441,
    1809,
    2158,
    2503,
    2978
  ],
  "cured": [
    1,
    1,
    3,
    45,
    46,
    50,
    83,
    149,
    160,
    276,
    414,
    523,
    589,
    622,
    724,
    1004,
    1045,
    1258,
    1439,
    1966,
    2335,
    2749,
    2941,
    4025
  ],
  "positive": [
    221,
    311,
    385,
    588,
    821,
    1049,
    1577,
    1835,
    2263,
    2706,
    3296,
    3916,
    5061,
    6387,
    7985,
    8514,
    10590,
    12839,
    14955,
    17750,
    20603,
    23073,
    26062,
    28710
  ],
  "totalForcastedLinear": [
    -6289,
    -4871,
    -3453,
    -2036,
    -618,
    799,
    2216,
    3634,
    5052,
    6470,
    7887,
    9305,
    10723,
    12141,
    13558,
    14976,
    16394,
    17812,
    19229,
    20647,
    22065,
    23483,
    24900,
    26318,
    27736,
    29154,
    30571,
    31989,
    33407,
    34824,
    36242
  ],
  "totalEquationLinear": "y = 1417.7395652173914x + -7707.202898550727",
  "totalR2Linear": 0.8443233706103721,
  "totalForcastedPower": [
    72,
    251,
    520,
    870,
    1299,
    1801,
    2374,
    3016,
    3726,
    4500,
    5339,
    6240,
    7202,
    8225,
    9308,
    10450,
    11649,
    12906,
    14220,
    15589,
    17014,
    18493,
    20027,
    21614,
    23255,
    24949,
    26695,
    28493,
    30343,
    32244,
    34195
  ],
  "totalEquationPower": "y = 72.59270847685504x^1.792376144516319",
  "totalR2Power": 0.8021505968424216,
  "totalForcastedExponential": [
    656,
    784,
    938,
    1122,
    1342,
    1604,
    1919,
    2295,
    2745,
    3282,
    3926,
    4695,
    5615,
    6715,
    8030,
    9603,
    11485,
    13735,
    16426,
    19644,
    23492,
    28095,
    33599,
    40181,
    48053,
    57466,
    68725,
    82188,
    98290,
    117545,
    140573
  ],
  "totalEquationExponential": "y = 548.6444989353745e^(0.1789044234899393x)",
  "totalR2Exponential": 0.9867520305968538
}